athlete,correct,incorrect,question,__index_level_0__
Terry Bradshaw,football,basketball,Terry Bradshaw is known for playing,722
John Riggins,football,basketball,John Riggins is known for playing,409
Marion Barber III,football,basketball,Marion Barber III is known for playing,708
Franco Harris,football,basketball,Franco Harris is known for playing,460
Meyers Leonard,basketball,baseball,Meyers Leonard is known for playing,976
Christian Okoye,football,baseball,Christian Okoye is known for playing,293
Mehmet Okur,basketball,baseball,Mehmet Okur is known for playing,1157
Cecil Fielder,baseball,basketball,Cecil Fielder is known for playing,1978
Kevin McHale,basketball,baseball,Kevin McHale is known for playing,965
José Canseco,baseball,basketball,José Canseco is known for playing,2026
Travis Kelce,football,baseball,Travis Kelce is known for playing,8
Jamal Crawford,basketball,football,Jamal Crawford is known for playing,1330
Chad Johnson,football,baseball,Chad Johnson is known for playing,262
Tony Dorsett,football,basketball,Tony Dorsett is known for playing,393
Muggsy Bogues,basketball,baseball,Muggsy Bogues is known for playing,971
Justin Morneau,baseball,basketball,Justin Morneau is known for playing,1838
Ray Rice,football,baseball,Ray Rice is known for playing,257
Earl Campbell,football,basketball,Earl Campbell is known for playing,506
Jay Feely,football,basketball,Jay Feely is known for playing,600
Hakeem Olajuwon,basketball,baseball,Hakeem Olajuwon is known for playing,984
Kosta Koufos,basketball,baseball,Kosta Koufos is known for playing,1055
Nikola Vučević,basketball,baseball,Nikola Vučević is known for playing,1123
Lou Williams,basketball,football,Lou Williams is known for playing,1557
Paul Goldschmidt,baseball,basketball,Paul Goldschmidt is known for playing,1849
Hideki Matsui,baseball,basketball,Hideki Matsui is known for playing,1904
J.D. Martinez,baseball,basketball,J.D. Martinez is known for playing,2027
Ernie Banks,baseball,football,Ernie Banks is known for playing,2124
Richard Todd,football,basketball,Richard Todd is known for playing,340
Jaxson Hayes,basketball,baseball,Jaxson Hayes is known for playing,888
Kareem Abdul-Jabbar,basketball,baseball,Kareem Abdul-Jabbar is known for playing,906
Kelly Olynyk,basketball,baseball,Kelly Olynyk is known for playing,1026
Julius Erving,basketball,football,Julius Erving is known for playing,1618
Jeimer Candelario,baseball,basketball,Jeimer Candelario is known for playing,1861
Kyle Schwarber,baseball,basketball,Kyle Schwarber is known for playing,1880
John Kruk,baseball,basketball,John Kruk is known for playing,1956
Joey Gallo,baseball,basketball,Joey Gallo is known for playing,2019
Todd Helton,baseball,basketball,Todd Helton is known for playing,2028
Albert Pujols,baseball,basketball,Albert Pujols is known for playing,2079
Jerome Bettis,football,baseball,Jerome Bettis is known for playing,235
Pascal Siakam,basketball,baseball,Pascal Siakam is known for playing,1021
Ivica Zubac,basketball,baseball,Ivica Zubac is known for playing,1085
Mark Eaton,basketball,baseball,Mark Eaton is known for playing,1121
Spencer Hawes,basketball,baseball,Spencer Hawes is known for playing,1197
Buddy Hield,basketball,football,Buddy Hield is known for playing,1445
Ken Caminiti,baseball,basketball,Ken Caminiti is known for playing,1815
Mitch Moreland,baseball,basketball,Mitch Moreland is known for playing,1925
Mickey Mantle,baseball,basketball,Mickey Mantle is known for playing,1987
Trevor Plouffe,baseball,basketball,Trevor Plouffe is known for playing,2003
Bo Bichette,baseball,basketball,Bo Bichette is known for playing,2102
Jonathan Lucroy,baseball,basketball,Jonathan Lucroy is known for playing,2118
Jason Elam,football,basketball,Jason Elam is known for playing,625
Eddie George,football,basketball,Eddie George is known for playing,628
Kwame Brown,basketball,baseball,Kwame Brown is known for playing,979
Clint Capela,basketball,baseball,Clint Capela is known for playing,1002
Seth Curry,basketball,baseball,Seth Curry is known for playing,1022
Shaquille O'Neal,basketball,baseball,Shaquille O'Neal is known for playing,1035
Ersan İlyasova,basketball,baseball,Ersan İlyasova is known for playing,1066
Royce O'Neale,basketball,baseball,Royce O'Neale is known for playing,1075
Kendrick Perkins,basketball,baseball,Kendrick Perkins is known for playing,1138
Jeremy Lin,basketball,football,Jeremy Lin is known for playing,1543
Adam Duvall,baseball,basketball,Adam Duvall is known for playing,1786
Chase Headley,baseball,basketball,Chase Headley is known for playing,1789
Dan Uggla,baseball,basketball,Dan Uggla is known for playing,1847
Tino Martinez,baseball,basketball,Tino Martinez is known for playing,1970
Bobby Murcer,baseball,basketball,Bobby Murcer is known for playing,2011
Bret Boone,baseball,basketball,Bret Boone is known for playing,2048
Brian McCann,baseball,basketball,Brian McCann is known for playing,2075
Adrian Beltré,baseball,basketball,Adrian Beltré is known for playing,2113
Henry Aaron,baseball,football,Henry Aaron is known for playing,2248
Jackie Robinson,baseball,football,Jackie Robinson is known for playing,2448
Marshawn Lynch,football,baseball,Marshawn Lynch is known for playing,48
Yao Ming,basketball,baseball,Yao Ming is known for playing,922
Carmelo Anthony,basketball,baseball,Carmelo Anthony is known for playing,970
Emeka Okafor,basketball,baseball,Emeka Okafor is known for playing,1059
Zaza Pachulia,basketball,baseball,Zaza Pachulia is known for playing,1082
Nikola Jokić,basketball,baseball,Nikola Jokić is known for playing,1116
Stephon Marbury,basketball,football,Stephon Marbury is known for playing,1731
C.J. Cron,baseball,basketball,C.J. Cron is known for playing,1783
Aubrey Huff,baseball,basketball,Aubrey Huff is known for playing,1881
Nelson Cruz,baseball,basketball,Nelson Cruz is known for playing,1962
Jim Edmonds,baseball,basketball,Jim Edmonds is known for playing,1998
Brandon Moss,baseball,basketball,Brandon Moss is known for playing,2004
Doug DeCinces,baseball,basketball,Doug DeCinces is known for playing,2010
Miguel Tejada,baseball,basketball,Miguel Tejada is known for playing,2067
Kyle Seager,baseball,basketball,Kyle Seager is known for playing,2081
Chipper Jones,baseball,basketball,Chipper Jones is known for playing,2106
Shannon Sharpe,football,baseball,Shannon Sharpe is known for playing,63
Boomer Esiason,football,basketball,Boomer Esiason is known for playing,418
George Blanda,football,basketball,George Blanda is known for playing,536
Michael Porter Jr.,basketball,baseball,Michael Porter Jr. is known for playing,900
DeMar DeRozan,basketball,baseball,DeMar DeRozan is known for playing,916
Immanuel Quickley,basketball,baseball,Immanuel Quickley is known for playing,925
Danilo Gallinari,basketball,baseball,Danilo Gallinari is known for playing,944
Jalen Brunson,basketball,baseball,Jalen Brunson is known for playing,1012
JJ Redick,basketball,baseball,JJ Redick is known for playing,1015
Aaron McKie,basketball,baseball,Aaron McKie is known for playing,1072
Markieff Morris,basketball,baseball,Markieff Morris is known for playing,1136
Domantas Sabonis,basketball,baseball,Domantas Sabonis is known for playing,1150
Karl-Anthony Towns,basketball,baseball,Karl-Anthony Towns is known for playing,1189
Morgan Ensberg,baseball,basketball,Morgan Ensberg is known for playing,1773
Jose Altuve,baseball,basketball,Jose Altuve is known for playing,1792
Jorge Posada,baseball,basketball,Jorge Posada is known for playing,1798
Kevin Millar,baseball,basketball,Kevin Millar is known for playing,1870
Pete Incaviglia,baseball,basketball,Pete Incaviglia is known for playing,1963
Joe Mauer,baseball,basketball,Joe Mauer is known for playing,1972
Tony Oliva,baseball,basketball,Tony Oliva is known for playing,1999
Ian Kinsler,baseball,basketball,Ian Kinsler is known for playing,2023
Lee Mazzilli,baseball,basketball,Lee Mazzilli is known for playing,2104
Bobby Thomson,baseball,football,Bobby Thomson is known for playing,2192
Joc Pederson,baseball,football,Joc Pederson is known for playing,2306
Davey Lopes,baseball,football,Davey Lopes is known for playing,2358
Max Muncy,baseball,football,Max Muncy is known for playing,2387
Willis McGahee,football,baseball,Willis McGahee is known for playing,39
Nate Burleson,football,baseball,Nate Burleson is known for playing,247
Bilal Powell,football,baseball,Bilal Powell is known for playing,249
LeGarrette Blount,football,basketball,LeGarrette Blount is known for playing,564
O.J. Simpson,football,basketball,O.J. Simpson is known for playing,569
Mark Rypien,football,basketball,Mark Rypien is known for playing,624
Terrell Davis,football,basketball,Terrell Davis is known for playing,668
Scott Norwood,football,basketball,Scott Norwood is known for playing,816
Julius Randle,basketball,baseball,Julius Randle is known for playing,895
Brandan Wright,basketball,baseball,Brandan Wright is known for playing,908
Anderson Varejão,basketball,baseball,Anderson Varejão is known for playing,952
Antawn Jamison,basketball,baseball,Antawn Jamison is known for playing,960
Derrick Favors,basketball,baseball,Derrick Favors is known for playing,1019
Ben Simmons,basketball,baseball,Ben Simmons is known for playing,1041
Maxi Kleber,basketball,baseball,Maxi Kleber is known for playing,1107
Goran Dragić,basketball,baseball,Goran Dragić is known for playing,1166
Leandro Barbosa,basketball,baseball,Leandro Barbosa is known for playing,1175
Arvydas Sabonis,basketball,baseball,Arvydas Sabonis is known for playing,1177
Jordan Clarkson,basketball,baseball,Jordan Clarkson is known for playing,1207
Marc Gasol,basketball,football,Marc Gasol is known for playing,1219
Wayman Tisdale,basketball,football,Wayman Tisdale is known for playing,1374
Marco Belinelli,basketball,football,Marco Belinelli is known for playing,1424
Darryl Dawkins,basketball,football,Darryl Dawkins is known for playing,1722
Nick Hundley,baseball,basketball,Nick Hundley is known for playing,1775
Jonathan Schoop,baseball,basketball,Jonathan Schoop is known for playing,1776
Alan Trammell,baseball,basketball,Alan Trammell is known for playing,1809
Ian Happ,baseball,basketball,Ian Happ is known for playing,1836
Gary Gaetti,baseball,basketball,Gary Gaetti is known for playing,1842
Mike Yastrzemski,baseball,basketball,Mike Yastrzemski is known for playing,1844
Giancarlo Stanton,baseball,basketball,Giancarlo Stanton is known for playing,1864
Curtis Granderson,baseball,basketball,Curtis Granderson is known for playing,1883
Chris Hoiles,baseball,basketball,Chris Hoiles is known for playing,1892
Joe Pepitone,baseball,basketball,Joe Pepitone is known for playing,1899
Matt Olson,baseball,basketball,Matt Olson is known for playing,1915
Willie McCovey,baseball,basketball,Willie McCovey is known for playing,1936
Manny Ramírez,baseball,basketball,Manny Ramírez is known for playing,1955
Shohei Ohtani,baseball,basketball,Shohei Ohtani is known for playing,1984
José Bautista,baseball,basketball,José Bautista is known for playing,2091
Pete Alonso,baseball,football,Pete Alonso is known for playing,2293
Sammy Sosa,baseball,football,Sammy Sosa is known for playing,2424
Deuce McAllister,football,baseball,Deuce McAllister is known for playing,73
Billy Sims,football,baseball,Billy Sims is known for playing,168
Michael Irvin,football,baseball,Michael Irvin is known for playing,188
Eric Decker,football,basketball,Eric Decker is known for playing,678
Donald Driver,football,basketball,Donald Driver is known for playing,715
Pete Gogolak,football,basketball,Pete Gogolak is known for playing,750
Patrick Patterson,basketball,baseball,Patrick Patterson is known for playing,917
Jodie Meeks,basketball,baseball,Jodie Meeks is known for playing,918
Ronnie Brewer,basketball,baseball,Ronnie Brewer is known for playing,932
Michael Redd,basketball,baseball,Michael Redd is known for playing,943
Danny Granger,basketball,baseball,Danny Granger is known for playing,950
Shawn Kemp,basketball,baseball,Shawn Kemp is known for playing,983
Isaiah Hartenstein,basketball,baseball,Isaiah Hartenstein is known for playing,989
Danny Manning,basketball,baseball,Danny Manning is known for playing,1004
Kevin Durant,basketball,baseball,Kevin Durant is known for playing,1042
Stephen Curry,basketball,baseball,Stephen Curry is known for playing,1051
Brook Lopez,basketball,baseball,Brook Lopez is known for playing,1073
Draymond Green,basketball,baseball,Draymond Green is known for playing,1077
Nic Claxton,basketball,baseball,Nic Claxton is known for playing,1080
Bojan Bogdanović,basketball,baseball,Bojan Bogdanović is known for playing,1097
Richaun Holmes,basketball,baseball,Richaun Holmes is known for playing,1100
Marcus Camby,basketball,baseball,Marcus Camby is known for playing,1124
Samuel Dalembert,basketball,baseball,Samuel Dalembert is known for playing,1142
Frank Kaminsky,basketball,baseball,Frank Kaminsky is known for playing,1181
Kevin Huerter,basketball,football,Kevin Huerter is known for playing,1446
Ronald Acuña Jr.,baseball,basketball,Ronald Acuña Jr. is known for playing,1846
Mike Sweeney,baseball,basketball,Mike Sweeney is known for playing,1857
Luke Voit,baseball,basketball,Luke Voit is known for playing,1940
Troy Glaus,baseball,basketball,Troy Glaus is known for playing,1973
DJ LeMahieu,baseball,basketball,DJ LeMahieu is known for playing,2012
Jeff Conine,baseball,basketball,Jeff Conine is known for playing,2025
Yogi Berra,baseball,basketball,Yogi Berra is known for playing,2109
Jeff Francoeur,baseball,football,Jeff Francoeur is known for playing,2307
Craig Biggio,baseball,football,Craig Biggio is known for playing,2336
Mark Canha,baseball,football,Mark Canha is known for playing,2428
Javier Báez,baseball,football,Javier Báez is known for playing,2442
Ken Griffey Jr.,baseball,football,Ken Griffey Jr. is known for playing,2503
Joey Votto,baseball,football,Joey Votto is known for playing,2637
Warrick Dunn,football,basketball,Warrick Dunn is known for playing,398
Matt Gay,football,basketball,Matt Gay is known for playing,526
Edgerrin James,football,basketball,Edgerrin James is known for playing,533
Rob Bironas,football,basketball,Rob Bironas is known for playing,570
Miles Bridges,basketball,baseball,Miles Bridges is known for playing,898
Joe Ingles,basketball,baseball,Joe Ingles is known for playing,911
Mikal Bridges,basketball,baseball,Mikal Bridges is known for playing,936
Rony Seikaly,basketball,baseball,Rony Seikaly is known for playing,987
Wesley Matthews,basketball,baseball,Wesley Matthews is known for playing,998
Andrew Bogut,basketball,baseball,Andrew Bogut is known for playing,1008
Quentin Richardson,basketball,baseball,Quentin Richardson is known for playing,1020
Carl Landry,basketball,baseball,Carl Landry is known for playing,1044
Darren Collison,basketball,baseball,Darren Collison is known for playing,1048
Chauncey Billups,basketball,baseball,Chauncey Billups is known for playing,1076
Tobias Harris,basketball,baseball,Tobias Harris is known for playing,1093
Derrick White,basketball,baseball,Derrick White is known for playing,1099
Greg Ostertag,basketball,baseball,Greg Ostertag is known for playing,1132
Dirk Nowitzki,basketball,baseball,Dirk Nowitzki is known for playing,1156
Malcolm Brogdon,basketball,baseball,Malcolm Brogdon is known for playing,1163
Brandon Jennings,basketball,baseball,Brandon Jennings is known for playing,1191
Paul Millsap,basketball,baseball,Paul Millsap is known for playing,1192
Shane Battier,basketball,football,Shane Battier is known for playing,1233
Nicolas Batum,basketball,football,Nicolas Batum is known for playing,1477
Steve Nash,basketball,football,Steve Nash is known for playing,1488
Joe Dumars,basketball,football,Joe Dumars is known for playing,1590
Magic Johnson,basketball,football,Magic Johnson is known for playing,1616
Brent Barry,basketball,football,Brent Barry is known for playing,1686
Zydrunas Ilgauskas,basketball,football,Zydrunas Ilgauskas is known for playing,1691
Shane Victorino,baseball,basketball,Shane Victorino is known for playing,1790
Bobby Bonilla,baseball,basketball,Bobby Bonilla is known for playing,1794
Mike Trout,baseball,basketball,Mike Trout is known for playing,1851
Drew Stubbs,baseball,basketball,Drew Stubbs is known for playing,1872
Khris Davis,baseball,basketball,Khris Davis is known for playing,1903
Jay Bruce,baseball,basketball,Jay Bruce is known for playing,1909
Kyle Tucker,baseball,basketball,Kyle Tucker is known for playing,1927
Marcus Semien,baseball,basketball,Marcus Semien is known for playing,1930
Eddie Rosario,baseball,basketball,Eddie Rosario is known for playing,1968
Jason Heyward,baseball,basketball,Jason Heyward is known for playing,2074
David Justice,baseball,basketball,David Justice is known for playing,2090
Brandon Crawford,baseball,basketball,Brandon Crawford is known for playing,2116
Robin Yount,baseball,football,Robin Yount is known for playing,2128
Juan Soto,baseball,football,Juan Soto is known for playing,2132
George Brett,baseball,football,George Brett is known for playing,2237
Joe Torre,baseball,football,Joe Torre is known for playing,2239
Corey Seager,baseball,football,Corey Seager is known for playing,2361
Nick Castellanos,baseball,football,Nick Castellanos is known for playing,2458
AJ Pollock,baseball,football,AJ Pollock is known for playing,2506
Kevin Youkilis,baseball,football,Kevin Youkilis is known for playing,2563
Marshall Faulk,football,baseball,Marshall Faulk is known for playing,49
Rashad Jennings,football,baseball,Rashad Jennings is known for playing,89
Tiki Barber,football,baseball,Tiki Barber is known for playing,163
Fred Taylor,football,baseball,Fred Taylor is known for playing,229
Alge Crumpler,football,baseball,Alge Crumpler is known for playing,328
Rashard Mendenhall,football,basketball,Rashard Mendenhall is known for playing,608
Johnny Unitas,football,basketball,Johnny Unitas is known for playing,831
Luke Ridnour,basketball,baseball,Luke Ridnour is known for playing,938
Rick Mahorn,basketball,baseball,Rick Mahorn is known for playing,963
Detlef Schrempf,basketball,baseball,Detlef Schrempf is known for playing,972
Andrew Bynum,basketball,baseball,Andrew Bynum is known for playing,974
Eric Gordon,basketball,baseball,Eric Gordon is known for playing,1009
Delonte West,basketball,baseball,Delonte West is known for playing,1016
Klay Thompson,basketball,baseball,Klay Thompson is known for playing,1028
Bobby Portis,basketball,baseball,Bobby Portis is known for playing,1047
Tayshaun Prince,basketball,baseball,Tayshaun Prince is known for playing,1053
J.J. Hickson,basketball,baseball,J.J. Hickson is known for playing,1069
Bam Adebayo,basketball,baseball,Bam Adebayo is known for playing,1110
Terrence Ross,basketball,baseball,Terrence Ross is known for playing,1113
Gilbert Arenas,basketball,baseball,Gilbert Arenas is known for playing,1141
Jerome Kersey,basketball,baseball,Jerome Kersey is known for playing,1183
Chandler Parsons,basketball,baseball,Chandler Parsons is known for playing,1184
Robin Lopez,basketball,football,Robin Lopez is known for playing,1239
OG Anunoby,basketball,football,OG Anunoby is known for playing,1288
Chris Boucher,basketball,football,Chris Boucher is known for playing,1310
Darius Garland,basketball,football,Darius Garland is known for playing,1348
J.R. Smith,basketball,football,J.R. Smith is known for playing,1397
Earl Boykins,basketball,football,Earl Boykins is known for playing,1400
Clyde Drexler,basketball,football,Clyde Drexler is known for playing,1403
Luke Kennard,basketball,football,Luke Kennard is known for playing,1547
Mike Bibby,basketball,football,Mike Bibby is known for playing,1661
Vince Carter,basketball,football,Vince Carter is known for playing,1741
Troy Tulowitzki,baseball,basketball,Troy Tulowitzki is known for playing,1782
Kirby Puckett,baseball,basketball,Kirby Puckett is known for playing,1806
Evan Gattis,baseball,basketball,Evan Gattis is known for playing,1810
Mo Vaughn,baseball,basketball,Mo Vaughn is known for playing,1827
Garrett Atkins,baseball,basketball,Garrett Atkins is known for playing,1832
Bryce Harper,baseball,basketball,Bryce Harper is known for playing,1839
Trea Turner,baseball,basketball,Trea Turner is known for playing,1841
Asdrúbal Cabrera,baseball,basketball,Asdrúbal Cabrera is known for playing,1848
Brett Gardner,baseball,basketball,Brett Gardner is known for playing,1867
Brandon Inge,baseball,basketball,Brandon Inge is known for playing,1895
Carlos Delgado,baseball,basketball,Carlos Delgado is known for playing,1935
Jhonny Peralta,baseball,basketball,Jhonny Peralta is known for playing,1944
Mike Greenwell,baseball,basketball,Mike Greenwell is known for playing,1954
Evan Longoria,baseball,basketball,Evan Longoria is known for playing,1971
Vladimir Guerrero,baseball,basketball,Vladimir Guerrero is known for playing,1988
Kendrys Morales,baseball,basketball,Kendrys Morales is known for playing,1991
Ryne Sandberg,baseball,basketball,Ryne Sandberg is known for playing,2006
Josh Donaldson,baseball,basketball,Josh Donaldson is known for playing,2007
Christian Yelich,baseball,basketball,Christian Yelich is known for playing,2066
Andrew McCutchen,baseball,football,Andrew McCutchen is known for playing,2174
Francisco Lindor,baseball,football,Francisco Lindor is known for playing,2226
Rickey Henderson,baseball,football,Rickey Henderson is known for playing,2321
Keith Hernandez,baseball,football,Keith Hernandez is known for playing,2335
Rich Aurilia,baseball,football,Rich Aurilia is known for playing,2348
Jim Thome,baseball,football,Jim Thome is known for playing,2437
Mike Piazza,baseball,football,Mike Piazza is known for playing,2549
Trevor Story,baseball,football,Trevor Story is known for playing,2611
DeAngelo Williams,football,baseball,DeAngelo Williams is known for playing,6
Isaiah Crowell,football,baseball,Isaiah Crowell is known for playing,95
Andre Reed,football,baseball,Andre Reed is known for playing,191
Jim McMahon,football,basketball,Jim McMahon is known for playing,417
LaDainian Tomlinson,football,basketball,LaDainian Tomlinson is known for playing,626
Bernie Kosar,football,basketball,Bernie Kosar is known for playing,748
Steve Kerr,basketball,baseball,Steve Kerr is known for playing,892
Reggie Miller,basketball,baseball,Reggie Miller is known for playing,995
Moses Malone,basketball,baseball,Moses Malone is known for playing,1003
Tony Allen,basketball,baseball,Tony Allen is known for playing,1027
Fred VanVleet,basketball,baseball,Fred VanVleet is known for playing,1030
Anthony Morrow,basketball,baseball,Anthony Morrow is known for playing,1037
Zach Randolph,basketball,baseball,Zach Randolph is known for playing,1063
Juwan Howard,basketball,baseball,Juwan Howard is known for playing,1064
Bill Walton,basketball,baseball,Bill Walton is known for playing,1065
Dwyane Wade,basketball,baseball,Dwyane Wade is known for playing,1071
Jamaal Wilkes,basketball,baseball,Jamaal Wilkes is known for playing,1074
Cedric Maxwell,basketball,baseball,Cedric Maxwell is known for playing,1101
Tyson Chandler,basketball,baseball,Tyson Chandler is known for playing,1127
Dennis Rodman,basketball,baseball,Dennis Rodman is known for playing,1135
John Starks,basketball,baseball,John Starks is known for playing,1143
Dwight Howard,basketball,baseball,Dwight Howard is known for playing,1198
Dan Majerle,basketball,baseball,Dan Majerle is known for playing,1200
Kelly Oubre Jr.,basketball,football,Kelly Oubre Jr. is known for playing,1334
Thabo Sefolosha,basketball,football,Thabo Sefolosha is known for playing,1419
Patty Mills,basketball,football,Patty Mills is known for playing,1481
Donte DiVincenzo,basketball,football,Donte DiVincenzo is known for playing,1509
Damian Lillard,basketball,football,Damian Lillard is known for playing,1512
Khris Middleton,basketball,football,Khris Middleton is known for playing,1515
Mason Plumlee,basketball,football,Mason Plumlee is known for playing,1551
Luc Mbah a Moute,basketball,football,Luc Mbah a Moute is known for playing,1555
Wally Szczerbiak,basketball,football,Wally Szczerbiak is known for playing,1562
Jaren Jackson Jr.,basketball,football,Jaren Jackson Jr. is known for playing,1604
J.J. Barea,basketball,football,J.J. Barea is known for playing,1754
Howie Kendrick,baseball,basketball,Howie Kendrick is known for playing,1811
Brandon Nimmo,baseball,basketball,Brandon Nimmo is known for playing,1868
Danny Valencia,baseball,basketball,Danny Valencia is known for playing,1918
Jorge Soler,baseball,basketball,Jorge Soler is known for playing,1977
Terry Pendleton,baseball,basketball,Terry Pendleton is known for playing,1994
Justin Turner,baseball,basketball,Justin Turner is known for playing,2013
Whit Merrifield,baseball,basketball,Whit Merrifield is known for playing,2016
James Loney,baseball,basketball,James Loney is known for playing,2076
Mitch Garver,baseball,basketball,Mitch Garver is known for playing,2121
Mark Kotsay,baseball,football,Mark Kotsay is known for playing,2141
Johnny Bench,baseball,football,Johnny Bench is known for playing,2147
Lou Brock,baseball,football,Lou Brock is known for playing,2182
Xander Bogaerts,baseball,football,Xander Bogaerts is known for playing,2211
Roger Maris,baseball,football,Roger Maris is known for playing,2212
Harold Baines,baseball,football,Harold Baines is known for playing,2395
Ryan Raburn,baseball,football,Ryan Raburn is known for playing,2423
Barry Larkin,baseball,football,Barry Larkin is known for playing,2584
Cris Collinsworth,football,baseball,Cris Collinsworth is known for playing,77
Larry Csonka,football,baseball,Larry Csonka is known for playing,121
Mike Evans,football,baseball,Mike Evans is known for playing,144
Terry Glenn,football,baseball,Terry Glenn is known for playing,263
Frank Gore,football,baseball,Frank Gore is known for playing,283
Leonard Fournette,football,baseball,Leonard Fournette is known for playing,319
Sonny Jurgensen,football,basketball,Sonny Jurgensen is known for playing,684
Rob Gronkowski,football,basketball,Rob Gronkowski is known for playing,852
Corey Maggette,basketball,baseball,Corey Maggette is known for playing,887
Dave Cowens,basketball,baseball,Dave Cowens is known for playing,914
Gerald Wallace,basketball,baseball,Gerald Wallace is known for playing,927
Garrett Temple,basketball,baseball,Garrett Temple is known for playing,948
Chris Kaman,basketball,baseball,Chris Kaman is known for playing,964
Tyreke Evans,basketball,baseball,Tyreke Evans is known for playing,981
Gary Trent Jr.,basketball,baseball,Gary Trent Jr. is known for playing,992
Kyle Lowry,basketball,baseball,Kyle Lowry is known for playing,996
James Worthy,basketball,baseball,James Worthy is known for playing,1006
Jason Collins,basketball,baseball,Jason Collins is known for playing,1068
Kerry Kittles,basketball,baseball,Kerry Kittles is known for playing,1088
Mitchell Robinson,basketball,baseball,Mitchell Robinson is known for playing,1106
Mark Aguirre,basketball,baseball,Mark Aguirre is known for playing,1118
Baron Davis,basketball,baseball,Baron Davis is known for playing,1125
Chris Duhon,basketball,baseball,Chris Duhon is known for playing,1160
Dejounte Murray,basketball,baseball,Dejounte Murray is known for playing,1199
Chris Mullin,basketball,baseball,Chris Mullin is known for playing,1204
Giannis Antetokounmpo,basketball,football,Giannis Antetokounmpo is known for playing,1222
Steven Adams,basketball,football,Steven Adams is known for playing,1354
Andrei Kirilenko,basketball,football,Andrei Kirilenko is known for playing,1361
Rick Fox,basketball,football,Rick Fox is known for playing,1365
Dorian Finney-Smith,basketball,football,Dorian Finney-Smith is known for playing,1367
Jack Sikma,basketball,football,Jack Sikma is known for playing,1422
Shai Gilgeous-Alexander,basketball,football,Shai Gilgeous-Alexander is known for playing,1470
Jonas Valančiūnas,basketball,football,Jonas Valančiūnas is known for playing,1473
Shaun Livingston,basketball,football,Shaun Livingston is known for playing,1505
Darrell Griffith,basketball,football,Darrell Griffith is known for playing,1646
Jerami Grant,basketball,football,Jerami Grant is known for playing,1684
B.J. Upton,baseball,basketball,B.J. Upton is known for playing,1797
Tim Salmon,baseball,basketball,Tim Salmon is known for playing,1824
Jimmy Rollins,baseball,basketball,Jimmy Rollins is known for playing,1830
Daniel Murphy,baseball,basketball,Daniel Murphy is known for playing,1840
Hank Bauer,baseball,basketball,Hank Bauer is known for playing,1901
Will Clark,baseball,basketball,Will Clark is known for playing,1929
Adam Dunn,baseball,basketball,Adam Dunn is known for playing,1964
Rod Barajas,baseball,basketball,Rod Barajas is known for playing,2022
Marcell Ozuna,baseball,basketball,Marcell Ozuna is known for playing,2042
Teoscar Hernández,baseball,football,Teoscar Hernández is known for playing,2134
Kole Calhoun,baseball,football,Kole Calhoun is known for playing,2136
Don Baylor,baseball,football,Don Baylor is known for playing,2148
Kirk Gibson,baseball,football,Kirk Gibson is known for playing,2201
David Ortiz,baseball,football,David Ortiz is known for playing,2221
B.J. Surhoff,baseball,football,B.J. Surhoff is known for playing,2298
Lyle Overbay,baseball,football,Lyle Overbay is known for playing,2319
Nolan Arenado,baseball,football,Nolan Arenado is known for playing,2320
Al Kaline,baseball,football,Al Kaline is known for playing,2323
Mark Grudzielanek,baseball,football,Mark Grudzielanek is known for playing,2443
Buster Posey,baseball,football,Buster Posey is known for playing,2534
Edwin Encarnación,baseball,football,Edwin Encarnación is known for playing,2634
Gil Hodges,baseball,football,Gil Hodges is known for playing,2646
Mark Bavaro,football,baseball,Mark Bavaro is known for playing,37
Jimmy Graham,football,baseball,Jimmy Graham is known for playing,88
Mark Ingram,football,baseball,Mark Ingram is known for playing,140
Brandon Marshall,football,baseball,Brandon Marshall is known for playing,154
Brandon McManus,football,baseball,Brandon McManus is known for playing,155
LeSean McCoy,football,baseball,LeSean McCoy is known for playing,159
Keyshawn Johnson,football,baseball,Keyshawn Johnson is known for playing,221
Michael Crabtree,football,baseball,Michael Crabtree is known for playing,237
Vincent Jackson,football,basketball,Vincent Jackson is known for playing,356
Dan Marino,football,basketball,Dan Marino is known for playing,387
Greg Zuerlein,football,basketball,Greg Zuerlein is known for playing,403
Ricky Watters,football,basketball,Ricky Watters is known for playing,551
Adam Vinatieri,football,basketball,Adam Vinatieri is known for playing,622
Alfred Morris,football,basketball,Alfred Morris is known for playing,800
Willie Parker,football,basketball,Willie Parker is known for playing,815
Doug Flutie,football,basketball,Doug Flutie is known for playing,884
Bruce Bowen,basketball,baseball,Bruce Bowen is known for playing,897
Morris Peterson,basketball,baseball,Morris Peterson is known for playing,909
Marcus Smart,basketball,baseball,Marcus Smart is known for playing,923
Harrison Barnes,basketball,baseball,Harrison Barnes is known for playing,931
Gary Harris,basketball,baseball,Gary Harris is known for playing,954
Kenny Anderson,basketball,baseball,Kenny Anderson is known for playing,966
Donyell Marshall,basketball,baseball,Donyell Marshall is known for playing,1023
Joe Harris,basketball,baseball,Joe Harris is known for playing,1025
Bradley Beal,basketball,baseball,Bradley Beal is known for playing,1029
Larry Nance Jr.,basketball,baseball,Larry Nance Jr. is known for playing,1108
Evan Turner,basketball,baseball,Evan Turner is known for playing,1139
Jarrett Jack,basketball,baseball,Jarrett Jack is known for playing,1152
Bonzi Wells,basketball,baseball,Bonzi Wells is known for playing,1168
Sean Elliott,basketball,baseball,Sean Elliott is known for playing,1171
Mike Conley,basketball,football,Mike Conley is known for playing,1263
Rodney Stuckey,basketball,football,Rodney Stuckey is known for playing,1336
Mitch Richmond,basketball,football,Mitch Richmond is known for playing,1371
Andrés Nocioni,basketball,football,Andrés Nocioni is known for playing,1411
Brendan Haywood,basketball,football,Brendan Haywood is known for playing,1417
Raymond Felton,basketball,football,Raymond Felton is known for playing,1423
Ricky Rubio,basketball,football,Ricky Rubio is known for playing,1426
Paul Pierce,basketball,football,Paul Pierce is known for playing,1464
Damon Stoudamire,basketball,football,Damon Stoudamire is known for playing,1476
Scottie Barnes,basketball,football,Scottie Barnes is known for playing,1504
Jayson Tatum,basketball,football,Jayson Tatum is known for playing,1511
Tim Hardaway,basketball,football,Tim Hardaway is known for playing,1532
Scottie Pippen,basketball,football,Scottie Pippen is known for playing,1599
Jason Kidd,basketball,football,Jason Kidd is known for playing,1666
Tyrese Maxey,basketball,football,Tyrese Maxey is known for playing,1701
Rick Dempsey,baseball,basketball,Rick Dempsey is known for playing,1800
Chris Sabo,baseball,basketball,Chris Sabo is known for playing,1833
Davey Johnson,baseball,basketball,Davey Johnson is known for playing,1885
Don Mattingly,baseball,basketball,Don Mattingly is known for playing,2057
Tony Batista,baseball,basketball,Tony Batista is known for playing,2071
Jesse Barfield,baseball,basketball,Jesse Barfield is known for playing,2114
Chuck Knoblauch,baseball,football,Chuck Knoblauch is known for playing,2223
Vinny Castilla,baseball,football,Vinny Castilla is known for playing,2234
Robinson Canó,baseball,football,Robinson Canó is known for playing,2236
J.T. Realmuto,baseball,football,J.T. Realmuto is known for playing,2301
Bobby Abreu,baseball,football,Bobby Abreu is known for playing,2325
Edgar Martínez,baseball,football,Edgar Martínez is known for playing,2339
Nick Swisher,baseball,football,Nick Swisher is known for playing,2388
Bill Buckner,baseball,football,Bill Buckner is known for playing,2396
Anthony Rizzo,baseball,football,Anthony Rizzo is known for playing,2400
Nick Markakis,baseball,football,Nick Markakis is known for playing,2470
Paul DeJong,baseball,football,Paul DeJong is known for playing,2495
Bob Brenly,baseball,football,Bob Brenly is known for playing,2543
Rafael Devers,baseball,football,Rafael Devers is known for playing,2578
Ted Williams,baseball,football,Ted Williams is known for playing,2620
Lynn Swann,football,baseball,Lynn Swann is known for playing,11
Chris Godwin,football,baseball,Chris Godwin is known for playing,57
Jordy Nelson,football,baseball,Jordy Nelson is known for playing,68
Dez Bryant,football,baseball,Dez Bryant is known for playing,101
Reggie Wayne,football,baseball,Reggie Wayne is known for playing,141
Corey Dillon,football,baseball,Corey Dillon is known for playing,211
Hakeem Nicks,football,baseball,Hakeem Nicks is known for playing,222
Julian Edelman,football,baseball,Julian Edelman is known for playing,226
Torry Holt,football,baseball,Torry Holt is known for playing,238
Ronnie Brown,football,baseball,Ronnie Brown is known for playing,244
Mike Vanderjagt,football,baseball,Mike Vanderjagt is known for playing,287
Ahmad Bradshaw,football,basketball,Ahmad Bradshaw is known for playing,531
Joseph Addai,football,basketball,Joseph Addai is known for playing,650
T.J. Houshmandzadeh,football,basketball,T.J. Houshmandzadeh is known for playing,749
Craig Ehlo,basketball,baseball,Craig Ehlo is known for playing,891
Bob Sura,basketball,baseball,Bob Sura is known for playing,901
Kirk Hinrich,basketball,baseball,Kirk Hinrich is known for playing,921
Corey Brewer,basketball,baseball,Corey Brewer is known for playing,940
Joel Przybilla,basketball,baseball,Joel Przybilla is known for playing,1032
O.J. Mayo,basketball,baseball,O.J. Mayo is known for playing,1062
Josh Childress,basketball,baseball,Josh Childress is known for playing,1089
Zach LaVine,basketball,baseball,Zach LaVine is known for playing,1098
Grant Hill,basketball,baseball,Grant Hill is known for playing,1103
Allan Houston,basketball,baseball,Allan Houston is known for playing,1115
Brad Daugherty,basketball,baseball,Brad Daugherty is known for playing,1185
Kurt Rambis,basketball,baseball,Kurt Rambis is known for playing,1190
Luka Dončić,basketball,football,Luka Dončić is known for playing,1230
Delon Wright,basketball,football,Delon Wright is known for playing,1235
Ja Morant,basketball,football,Ja Morant is known for playing,1266
Rashard Lewis,basketball,football,Rashard Lewis is known for playing,1274
Christian Laettner,basketball,football,Christian Laettner is known for playing,1528
Maurice Cheeks,basketball,football,Maurice Cheeks is known for playing,1620
Brandon Ingram,basketball,football,Brandon Ingram is known for playing,1761
Lance Parrish,baseball,basketball,Lance Parrish is known for playing,1774
Tim Wallach,baseball,basketball,Tim Wallach is known for playing,1799
Darin Erstad,baseball,basketball,Darin Erstad is known for playing,1812
Eric Thames,baseball,basketball,Eric Thames is known for playing,1818
Orlando Hudson,baseball,basketball,Orlando Hudson is known for playing,1862
Chili Davis,baseball,basketball,Chili Davis is known for playing,1891
Robbie Grossman,baseball,basketball,Robbie Grossman is known for playing,1914
Brandon Drury,baseball,basketball,Brandon Drury is known for playing,1931
Mark Grace,baseball,basketball,Mark Grace is known for playing,1933
Glenallen Hill,baseball,basketball,Glenallen Hill is known for playing,1938
Salvador Perez,baseball,basketball,Salvador Perez is known for playing,1957
Chris Iannetta,baseball,basketball,Chris Iannetta is known for playing,1969
Ben Grieve,baseball,basketball,Ben Grieve is known for playing,2051
Mark DeRosa,baseball,football,Mark DeRosa is known for playing,2144
Eric Byrnes,baseball,football,Eric Byrnes is known for playing,2168
Colby Rasmus,baseball,football,Colby Rasmus is known for playing,2187
Hanley Ramírez,baseball,football,Hanley Ramírez is known for playing,2191
Matt Carpenter,baseball,football,Matt Carpenter is known for playing,2204
Eric Hosmer,baseball,football,Eric Hosmer is known for playing,2217
Dan Driessen,baseball,football,Dan Driessen is known for playing,2244
Ryan Doumit,baseball,football,Ryan Doumit is known for playing,2263
Austin Kearns,baseball,football,Austin Kearns is known for playing,2271
Shin-Soo Choo,baseball,football,Shin-Soo Choo is known for playing,2310
Cody Ross,baseball,football,Cody Ross is known for playing,2327
Stephen Drew,baseball,football,Stephen Drew is known for playing,2372
Joe Crede,baseball,football,Joe Crede is known for playing,2403
Aaron Judge,baseball,football,Aaron Judge is known for playing,2451
Graig Nettles,baseball,football,Graig Nettles is known for playing,2462
Matt Holliday,baseball,football,Matt Holliday is known for playing,2533
Anthony Rendon,baseball,football,Anthony Rendon is known for playing,2582
Stefon Diggs,football,baseball,Stefon Diggs is known for playing,12
Jamison Crowder,football,baseball,Jamison Crowder is known for playing,44
Stephen Gostkowski,football,baseball,Stephen Gostkowski is known for playing,83
Cole Beasley,football,baseball,Cole Beasley is known for playing,156
Jonathan Stewart,football,baseball,Jonathan Stewart is known for playing,286
Devin Singletary,football,basketball,Devin Singletary is known for playing,366
Latavius Murray,football,basketball,Latavius Murray is known for playing,480
Ka'imi Fairbairn,football,basketball,Ka'imi Fairbairn is known for playing,581
Ezekiel Elliott,football,basketball,Ezekiel Elliott is known for playing,743
Roger Craig,football,basketball,Roger Craig is known for playing,881
Michael Kidd-Gilchrist,basketball,baseball,Michael Kidd-Gilchrist is known for playing,894
Isaiah Rider,basketball,baseball,Isaiah Rider is known for playing,973
Dana Barros,basketball,baseball,Dana Barros is known for playing,1058
Franz Wagner,basketball,baseball,Franz Wagner is known for playing,1084
Deron Williams,basketball,baseball,Deron Williams is known for playing,1086
Reggie Lewis,basketball,baseball,Reggie Lewis is known for playing,1092
Mychal Thompson,basketball,baseball,Mychal Thompson is known for playing,1094
Brandon Roy,basketball,baseball,Brandon Roy is known for playing,1144
Jalen Rose,basketball,football,Jalen Rose is known for playing,1228
Reggie Bullock,basketball,football,Reggie Bullock is known for playing,1252
Derrick Jones Jr.,basketball,football,Derrick Jones Jr. is known for playing,1319
Jason Terry,basketball,football,Jason Terry is known for playing,1326
Tony Parker,basketball,football,Tony Parker is known for playing,1416
Mario Chalmers,basketball,football,Mario Chalmers is known for playing,1587
Charles Oakley,basketball,football,Charles Oakley is known for playing,1589
Blake Griffin,basketball,football,Blake Griffin is known for playing,1615
Rik Smits,basketball,football,Rik Smits is known for playing,1668
Josh Richardson,basketball,football,Josh Richardson is known for playing,1702
Dave Martinez,baseball,basketball,Dave Martinez is known for playing,1923
Aaron Hicks,baseball,basketball,Aaron Hicks is known for playing,1928
Monte Irvin,baseball,basketball,Monte Irvin is known for playing,1967
Eugenio Suárez,baseball,basketball,Eugenio Suárez is known for playing,2052
Jed Lowrie,baseball,basketball,Jed Lowrie is known for playing,2056
Cito Gaston,baseball,football,Cito Gaston is known for playing,2178
Wally Joyner,baseball,football,Wally Joyner is known for playing,2231
Marlon Byrd,baseball,football,Marlon Byrd is known for playing,2256
Phil Nevin,baseball,football,Phil Nevin is known for playing,2276
Adam LaRoche,baseball,football,Adam LaRoche is known for playing,2295
Nate McLouth,baseball,football,Nate McLouth is known for playing,2375
Jason Varitek,baseball,football,Jason Varitek is known for playing,2475
Andruw Jones,baseball,football,Andruw Jones is known for playing,2504
Rocky Colavito,baseball,football,Rocky Colavito is known for playing,2516
Billy Butler,baseball,football,Billy Butler is known for playing,2633
Danny Woodhead,football,baseball,Danny Woodhead is known for playing,5
C.J. Spiller,football,baseball,C.J. Spiller is known for playing,7
Todd Heap,football,baseball,Todd Heap is known for playing,60
DeSean Jackson,football,baseball,DeSean Jackson is known for playing,64
Randy Bullock,football,baseball,Randy Bullock is known for playing,94
Kenny Britt,football,baseball,Kenny Britt is known for playing,109
Antonio Bryant,football,baseball,Antonio Bryant is known for playing,171
Rodney Peete,football,baseball,Rodney Peete is known for playing,227
George Kittle,football,baseball,George Kittle is known for playing,268
Fred Jackson,football,baseball,Fred Jackson is known for playing,275
Lamar Miller,football,baseball,Lamar Miller is known for playing,302
Davante Adams,football,baseball,Davante Adams is known for playing,314
Cedric Benson,football,basketball,Cedric Benson is known for playing,369
Brett Favre,football,basketball,Brett Favre is known for playing,377
Freeman McNeil,football,basketball,Freeman McNeil is known for playing,450
Priest Holmes,football,basketball,Priest Holmes is known for playing,475
Mike Tolbert,football,basketball,Mike Tolbert is known for playing,528
Garo Yepremian,football,basketball,Garo Yepremian is known for playing,565
Baker Mayfield,football,basketball,Baker Mayfield is known for playing,573
James Lofton,football,basketball,James Lofton is known for playing,645
Antonio Daniels,basketball,baseball,Antonio Daniels is known for playing,913
Larry Nance,basketball,baseball,Larry Nance is known for playing,934
Gordon Hayward,basketball,baseball,Gordon Hayward is known for playing,953
Steve Francis,basketball,baseball,Steve Francis is known for playing,1005
Craig Hodges,basketball,baseball,Craig Hodges is known for playing,1024
Rasheed Wallace,basketball,baseball,Rasheed Wallace is known for playing,1033
Mario Elie,basketball,baseball,Mario Elie is known for playing,1060
Dale Ellis,basketball,baseball,Dale Ellis is known for playing,1126
Dominique Wilkins,basketball,baseball,Dominique Wilkins is known for playing,1155
Devin Harris,basketball,baseball,Devin Harris is known for playing,1182
Nick Van Exel,basketball,football,Nick Van Exel is known for playing,1210
Trevor Booker,basketball,football,Trevor Booker is known for playing,1227
Jeff Teague,basketball,football,Jeff Teague is known for playing,1234
Otto Porter Jr.,basketball,football,Otto Porter Jr. is known for playing,1286
John Salmons,basketball,football,John Salmons is known for playing,1290
P.J. Tucker,basketball,football,P.J. Tucker is known for playing,1291
Greg Monroe,basketball,football,Greg Monroe is known for playing,1323
Donovan Mitchell,basketball,football,Donovan Mitchell is known for playing,1363
Antoine Walker,basketball,football,Antoine Walker is known for playing,1433
Michael Jordan,basketball,football,Michael Jordan is known for playing,1441
Marcin Gortat,basketball,football,Marcin Gortat is known for playing,1448
Andrew Wiggins,basketball,football,Andrew Wiggins is known for playing,1485
Caris LeVert,basketball,football,Caris LeVert is known for playing,1556
Rasual Butler,basketball,football,Rasual Butler is known for playing,1566
Charles Barkley,basketball,football,Charles Barkley is known for playing,1738
Ramon Sessions,basketball,football,Ramon Sessions is known for playing,1769
David Wright,baseball,basketball,David Wright is known for playing,1859
Garret Anderson,baseball,basketball,Garret Anderson is known for playing,1932
Michael Brantley,baseball,basketball,Michael Brantley is known for playing,1946
Phil Garner,baseball,basketball,Phil Garner is known for playing,2000
Álex Rodríguez,baseball,basketball,Álex Rodríguez is known for playing,2049
Rico Brogna,baseball,basketball,Rico Brogna is known for playing,2055
Carl Everett,baseball,basketball,Carl Everett is known for playing,2085
Jay Johnstone,baseball,basketball,Jay Johnstone is known for playing,2119
Ryan Ludwick,baseball,football,Ryan Ludwick is known for playing,2177
Andrés Galarraga,baseball,football,Andrés Galarraga is known for playing,2215
Mitch Haniger,baseball,football,Mitch Haniger is known for playing,2250
Rusty Staub,baseball,football,Rusty Staub is known for playing,2269
Walt Dropo,baseball,football,Walt Dropo is known for playing,2332
Justin Upton,baseball,football,Justin Upton is known for playing,2347
Josh Willingham,baseball,football,Josh Willingham is known for playing,2415
Hunter Renfroe,baseball,football,Hunter Renfroe is known for playing,2433
Cliff Floyd,baseball,football,Cliff Floyd is known for playing,2487
Delmon Young,baseball,football,Delmon Young is known for playing,2538
Corey Dickerson,baseball,football,Corey Dickerson is known for playing,2627
Chase Utley,baseball,football,Chase Utley is known for playing,2648
Daunte Culpepper,football,baseball,Daunte Culpepper is known for playing,14
Jerricho Cotchery,football,baseball,Jerricho Cotchery is known for playing,15
Harrison Butker,football,baseball,Harrison Butker is known for playing,137
Shayne Graham,football,baseball,Shayne Graham is known for playing,150
CeeDee Lamb,football,baseball,CeeDee Lamb is known for playing,218
Olindo Mare,football,baseball,Olindo Mare is known for playing,282
John Elway,football,basketball,John Elway is known for playing,339
Jake Delhomme,football,basketball,Jake Delhomme is known for playing,353
Ahman Green,football,basketball,Ahman Green is known for playing,367
Steve McNair,football,basketball,Steve McNair is known for playing,412
Kenny Stills,football,basketball,Kenny Stills is known for playing,477
Jeff Hostetler,football,basketball,Jeff Hostetler is known for playing,518
Dave Casper,football,basketball,Dave Casper is known for playing,769
Bob Dandridge,basketball,baseball,Bob Dandridge is known for playing,893
Gary Trent,basketball,baseball,Gary Trent is known for playing,915
B.J. Armstrong,basketball,baseball,B.J. Armstrong is known for playing,924
Chucky Atkins,basketball,baseball,Chucky Atkins is known for playing,935
Terry Cummings,basketball,baseball,Terry Cummings is known for playing,957
C.J. Watson,basketball,baseball,C.J. Watson is known for playing,975
Johnny Dawkins,basketball,baseball,Johnny Dawkins is known for playing,978
Rajon Rondo,basketball,baseball,Rajon Rondo is known for playing,985
Tim Duncan,basketball,baseball,Tim Duncan is known for playing,991
Rex Chapman,basketball,baseball,Rex Chapman is known for playing,994
Byron Scott,basketball,baseball,Byron Scott is known for playing,1000
Trae Young,basketball,baseball,Trae Young is known for playing,1045
John Paxson,basketball,baseball,John Paxson is known for playing,1129
Tracy McGrady,basketball,baseball,Tracy McGrady is known for playing,1131
Robert Covington,basketball,football,Robert Covington is known for playing,1276
Peja Stojaković,basketball,football,Peja Stojaković is known for playing,1352
Kemba Walker,basketball,football,Kemba Walker is known for playing,1373
Brandon Clarke,basketball,football,Brandon Clarke is known for playing,1518
Will Barton,basketball,football,Will Barton is known for playing,1569
Adrian Dantley,basketball,football,Adrian Dantley is known for playing,1571
Chris Paul,basketball,football,Chris Paul is known for playing,1594
Terry Porter,basketball,football,Terry Porter is known for playing,1613
Kevin Garnett,basketball,football,Kevin Garnett is known for playing,1614
Courtney Lee,basketball,football,Courtney Lee is known for playing,1619
Scott Brooks,basketball,football,Scott Brooks is known for playing,1625
Terance Mann,basketball,football,Terance Mann is known for playing,1667
Eddy Curry,basketball,football,Eddy Curry is known for playing,1687
Danny Ferry,basketball,football,Danny Ferry is known for playing,1698
Alec Burks,basketball,football,Alec Burks is known for playing,1700
Steve Blake,basketball,football,Steve Blake is known for playing,1729
Nate Robinson,basketball,football,Nate Robinson is known for playing,1735
Jack Cust,baseball,basketball,Jack Cust is known for playing,1807
Garrett Jones,baseball,basketball,Garrett Jones is known for playing,1819
Ray Durham,baseball,basketball,Ray Durham is known for playing,1897
Steve Balboni,baseball,basketball,Steve Balboni is known for playing,1913
José Ramírez,baseball,basketball,José Ramírez is known for playing,1937
Oscar Gamble,baseball,basketball,Oscar Gamble is known for playing,1945
Alfonso Soriano,baseball,basketball,Alfonso Soriano is known for playing,2021
Bill Madlock,baseball,football,Bill Madlock is known for playing,2292
Sal Bando,baseball,football,Sal Bando is known for playing,2311
Jason Bay,baseball,football,Jason Bay is known for playing,2324
Scott Spiezio,baseball,football,Scott Spiezio is known for playing,2409
Torii Hunter,baseball,football,Torii Hunter is known for playing,2482
Moisés Alou,baseball,football,Moisés Alou is known for playing,2485
Randy Winn,baseball,football,Randy Winn is known for playing,2523
Jackie Bradley Jr.,baseball,football,Jackie Bradley Jr. is known for playing,2606
Xavier Nady,baseball,football,Xavier Nady is known for playing,2628
Trot Nixon,baseball,football,Trot Nixon is known for playing,2652
Chris Boswell,football,baseball,Chris Boswell is known for playing,38
Michael Vick,football,baseball,Michael Vick is known for playing,255
Evan Engram,football,baseball,Evan Engram is known for playing,264
Phil Simms,football,baseball,Phil Simms is known for playing,270
Tyreek Hill,football,baseball,Tyreek Hill is known for playing,276
Rich Gannon,football,baseball,Rich Gannon is known for playing,290
Russell Wilson,football,basketball,Russell Wilson is known for playing,361
Jamaal Williams,football,basketball,Jamaal Williams is known for playing,384
Keenan McCardell,football,basketball,Keenan McCardell is known for playing,429
Ryan Mathews,football,basketball,Ryan Mathews is known for playing,435
Nick Folk,football,basketball,Nick Folk is known for playing,436
Philip Rivers,football,basketball,Philip Rivers is known for playing,487
Dave Meggett,football,basketball,Dave Meggett is known for playing,606
Craig Morton,football,basketball,Craig Morton is known for playing,607
Darren McFadden,football,basketball,Darren McFadden is known for playing,661
David Montgomery,football,basketball,David Montgomery is known for playing,759
Willie Gault,football,basketball,Willie Gault is known for playing,764
Cadillac Williams,football,basketball,Cadillac Williams is known for playing,839
Kiki Vandeweghe,basketball,baseball,Kiki Vandeweghe is known for playing,904
T.J. Warren,basketball,baseball,T.J. Warren is known for playing,919
Ron Harper,basketball,baseball,Ron Harper is known for playing,967
Doc Rivers,basketball,football,Doc Rivers is known for playing,1409
Vin Baker,basketball,football,Vin Baker is known for playing,1415
Andre Drummond,basketball,football,Andre Drummond is known for playing,1443
Jimmy Butler,basketball,football,Jimmy Butler is known for playing,1508
Bobby Higginson,baseball,basketball,Bobby Higginson is known for playing,1777
Benito Santiago,baseball,basketball,Benito Santiago is known for playing,1784
Travis d'Arnaud,baseball,basketball,Travis d'Arnaud is known for playing,1835
Roberto Clemente,baseball,basketball,Roberto Clemente is known for playing,1860
Kurt Suzuki,baseball,football,Kurt Suzuki is known for playing,2242
Geoff Blum,baseball,football,Geoff Blum is known for playing,2277
Andre Ethier,baseball,football,Andre Ethier is known for playing,2289
Austin Riley,baseball,football,Austin Riley is known for playing,2338
Albert Belle,baseball,football,Albert Belle is known for playing,2352
Manny Machado,baseball,football,Manny Machado is known for playing,2363
Orlando Cepeda,baseball,football,Orlando Cepeda is known for playing,2394
Justin Smoak,baseball,football,Justin Smoak is known for playing,2420
Coco Crisp,baseball,football,Coco Crisp is known for playing,2477
Shawon Dunston,baseball,football,Shawon Dunston is known for playing,2576
Larry Fitzgerald,football,baseball,Larry Fitzgerald is known for playing,43
Daniel Carlson,football,baseball,Daniel Carlson is known for playing,115
Qadry Ismail,football,baseball,Qadry Ismail is known for playing,127
Jim Kelly,football,baseball,Jim Kelly is known for playing,134
Derrick Mason,football,baseball,Derrick Mason is known for playing,246
Cris Carter,football,basketball,Cris Carter is known for playing,447
Darren Sproles,football,basketball,Darren Sproles is known for playing,493
Antonio Brown,football,basketball,Antonio Brown is known for playing,520
Melvin Gordon,football,basketball,Melvin Gordon is known for playing,537
Trent Green,football,basketball,Trent Green is known for playing,744
Dwayne Bowe,football,basketball,Dwayne Bowe is known for playing,792
Drew Bledsoe,football,basketball,Drew Bledsoe is known for playing,866
Larry Drew,basketball,baseball,Larry Drew is known for playing,896
Thurl Bailey,basketball,baseball,Thurl Bailey is known for playing,951
Paul Westphal,basketball,baseball,Paul Westphal is known for playing,980
Bernard King,basketball,baseball,Bernard King is known for playing,1018
Tiny Archibald,basketball,baseball,Tiny Archibald is known for playing,1087
Larry Hughes,basketball,baseball,Larry Hughes is known for playing,1134
Tiago Splitter,basketball,football,Tiago Splitter is known for playing,1212
DeMarcus Cousins,basketball,football,DeMarcus Cousins is known for playing,1220
Latrell Sprewell,basketball,football,Latrell Sprewell is known for playing,1261
Rod Strickland,basketball,football,Rod Strickland is known for playing,1340
Manu Ginóbili,basketball,football,Manu Ginóbili is known for playing,1392
Patrick Ewing,basketball,football,Patrick Ewing is known for playing,1408
Sam Cassell,basketball,football,Sam Cassell is known for playing,1431
Kris Humphries,basketball,football,Kris Humphries is known for playing,1482
Rudy Tomjanovich,basketball,football,Rudy Tomjanovich is known for playing,1486
Doug Christie,basketball,football,Doug Christie is known for playing,1517
Calvin Murphy,basketball,football,Calvin Murphy is known for playing,1596
Shareef Abdur-Rahim,basketball,football,Shareef Abdur-Rahim is known for playing,1669
Dwight Powell,basketball,football,Dwight Powell is known for playing,1681
Carlos Peña,baseball,basketball,Carlos Peña is known for playing,1779
Ty Wigginton,baseball,basketball,Ty Wigginton is known for playing,1787
Matt Adams,baseball,basketball,Matt Adams is known for playing,1961
Felipe Alou,baseball,basketball,Felipe Alou is known for playing,1986
Tony Conigliaro,baseball,basketball,Tony Conigliaro is known for playing,2064
Brad Wilkerson,baseball,basketball,Brad Wilkerson is known for playing,2115
Lucas Duda,baseball,football,Lucas Duda is known for playing,2126
Don Zimmer,baseball,football,Don Zimmer is known for playing,2145
Brian McRae,baseball,football,Brian McRae is known for playing,2154
Gary Carter,baseball,football,Gary Carter is known for playing,2180
Wally Moon,baseball,football,Wally Moon is known for playing,2240
Dansby Swanson,baseball,football,Dansby Swanson is known for playing,2258
Willie Stargell,baseball,football,Willie Stargell is known for playing,2267
Todd Frazier,baseball,football,Todd Frazier is known for playing,2369
Ron Kittle,baseball,football,Ron Kittle is known for playing,2390
Bernie Carbo,baseball,football,Bernie Carbo is known for playing,2407
Ricky Williams,football,baseball,Ricky Williams is known for playing,2
Graham Gano,football,baseball,Graham Gano is known for playing,18
Cooper Kupp,football,baseball,Cooper Kupp is known for playing,42
Sterling Sharpe,football,baseball,Sterling Sharpe is known for playing,51
Jeff Reed,football,baseball,Jeff Reed is known for playing,110
Jonathan Taylor,football,baseball,Jonathan Taylor is known for playing,165
Byron Leftwich,football,baseball,Byron Leftwich is known for playing,216
Fran Tarkenton,football,baseball,Fran Tarkenton is known for playing,269
Joe Burrow,football,basketball,Joe Burrow is known for playing,359
Joey Galloway,football,basketball,Joey Galloway is known for playing,373
Doug Baldwin,football,basketball,Doug Baldwin is known for playing,383
Charlie Joiner,football,basketball,Charlie Joiner is known for playing,395
Jeremy Maclin,football,basketball,Jeremy Maclin is known for playing,446
Calvin Hill,football,basketball,Calvin Hill is known for playing,473
Mark Moseley,football,basketball,Mark Moseley is known for playing,491
Kenyan Drake,football,basketball,Kenyan Drake is known for playing,725
Robbie Gould,football,basketball,Robbie Gould is known for playing,772
Lorenzo White,football,basketball,Lorenzo White is known for playing,777
Gerald Riggs,football,basketball,Gerald Riggs is known for playing,823
A.C. Green,basketball,baseball,A.C. Green is known for playing,982
Mike Gminski,basketball,baseball,Mike Gminski is known for playing,1034
Cliff Robinson,basketball,baseball,Cliff Robinson is known for playing,1049
David West,basketball,baseball,David West is known for playing,1146
Patrick Beverley,basketball,football,Patrick Beverley is known for playing,1215
Andre Miller,basketball,football,Andre Miller is known for playing,1322
Wes Unseld,basketball,football,Wes Unseld is known for playing,1335
Udonis Haslem,basketball,football,Udonis Haslem is known for playing,1413
Elvin Hayes,basketball,football,Elvin Hayes is known for playing,1451
Thomas Bryant,basketball,football,Thomas Bryant is known for playing,1478
Horace Grant,basketball,football,Horace Grant is known for playing,1581
Jermaine O'Neal,basketball,football,Jermaine O'Neal is known for playing,1664
Allen Iverson,basketball,football,Allen Iverson is known for playing,1740
Ryan McMahon,baseball,basketball,Ryan McMahon is known for playing,1877
Dick Allen,baseball,basketball,Dick Allen is known for playing,1924
Greg Colbrunn,baseball,basketball,Greg Colbrunn is known for playing,2073
Russell Branyan,baseball,football,Russell Branyan is known for playing,2149
Grady Sizemore,baseball,football,Grady Sizemore is known for playing,2198
Josh Bell,baseball,football,Josh Bell is known for playing,2200
Carl Crawford,baseball,football,Carl Crawford is known for playing,2246
Todd Zeile,baseball,football,Todd Zeile is known for playing,2259
Chris Taylor,baseball,football,Chris Taylor is known for playing,2468
Raheem Mostert,football,baseball,Raheem Mostert is known for playing,3
David Akers,football,baseball,David Akers is known for playing,23
Randall Cunningham,football,baseball,Randall Cunningham is known for playing,131
Errict Rhett,football,baseball,Errict Rhett is known for playing,157
Cliff Branch,football,baseball,Cliff Branch is known for playing,169
Marcus Allen,football,baseball,Marcus Allen is known for playing,242
Ron Jaworski,football,baseball,Ron Jaworski is known for playing,317
Ken Stabler,football,baseball,Ken Stabler is known for playing,326
Irving Fryar,football,basketball,Irving Fryar is known for playing,372
Travis Henry,football,basketball,Travis Henry is known for playing,404
Jay Fiedler,football,basketball,Jay Fiedler is known for playing,414
Dan Carpenter,football,basketball,Dan Carpenter is known for playing,454
Tevin Coleman,football,basketball,Tevin Coleman is known for playing,760
Adam Thielen,football,basketball,Adam Thielen is known for playing,791
Gus Williams,basketball,baseball,Gus Williams is known for playing,958
Jim Paxson,basketball,baseball,Jim Paxson is known for playing,988
Jason Williams,basketball,baseball,Jason Williams is known for playing,1120
Bill Cartwright,basketball,football,Bill Cartwright is known for playing,1208
Bob Lanier,basketball,football,Bob Lanier is known for playing,1270
Anthony Tolliver,basketball,football,Anthony Tolliver is known for playing,1333
Nerlens Noel,basketball,football,Nerlens Noel is known for playing,1347
Marvin Williams,basketball,football,Marvin Williams is known for playing,1362
Wendell Carter Jr.,basketball,football,Wendell Carter Jr. is known for playing,1381
Dennis Johnson,basketball,football,Dennis Johnson is known for playing,1584
Isaiah Thomas,basketball,football,Isaiah Thomas is known for playing,1637
Brian Grant,basketball,football,Brian Grant is known for playing,1712
Mike Cameron,baseball,basketball,Mike Cameron is known for playing,1887
Marcus Thames,baseball,basketball,Marcus Thames is known for playing,1947
Jay Gibbons,baseball,basketball,Jay Gibbons is known for playing,1975
John Valentin,baseball,basketball,John Valentin is known for playing,2063
Hank Blalock,baseball,football,Hank Blalock is known for playing,2142
David DeJesus,baseball,football,David DeJesus is known for playing,2172
Ryan Howard,baseball,football,Ryan Howard is known for playing,2193
Carlos Quentin,baseball,football,Carlos Quentin is known for playing,2218
Ray Lankford,baseball,football,Ray Lankford is known for playing,2290
Javy López,baseball,football,Javy López is known for playing,2341
Wil Myers,baseball,football,Wil Myers is known for playing,2436
Carlos Correa,baseball,football,Carlos Correa is known for playing,2529
Kent Hrbek,baseball,football,Kent Hrbek is known for playing,2591
Tim Anderson,baseball,football,Tim Anderson is known for playing,2631
Miles Austin,football,baseball,Miles Austin is known for playing,9
Jake Elliott,football,baseball,Jake Elliott is known for playing,55
Jan Stenerud,football,baseball,Jan Stenerud is known for playing,67
Ted Ginn Jr.,football,baseball,Ted Ginn Jr. is known for playing,139
Herman Moore,football,baseball,Herman Moore is known for playing,145
Don Majkowski,football,baseball,Don Majkowski is known for playing,182
Roger Staubach,football,baseball,Roger Staubach is known for playing,278
Ed Podolak,football,baseball,Ed Podolak is known for playing,285
Jerick McKinnon,football,basketball,Jerick McKinnon is known for playing,486
Matthew Stafford,football,basketball,Matthew Stafford is known for playing,539
Doug Williams,football,basketball,Doug Williams is known for playing,574
Derek Carr,football,basketball,Derek Carr is known for playing,603
John Brodie,football,basketball,John Brodie is known for playing,611
Doug Martin,football,basketball,Doug Martin is known for playing,616
Chip Lohmiller,football,basketball,Chip Lohmiller is known for playing,629
Reggie Bush,football,basketball,Reggie Bush is known for playing,652
Marvin Harrison,football,basketball,Marvin Harrison is known for playing,733
Desmond Mason,basketball,baseball,Desmond Mason is known for playing,1119
Bobby Phills,basketball,baseball,Bobby Phills is known for playing,1205
Chris Webber,basketball,football,Chris Webber is known for playing,1217
Maurice Lucas,basketball,football,Maurice Lucas is known for playing,1218
T.J. McConnell,basketball,football,T.J. McConnell is known for playing,1246
Jarred Vanderbilt,basketball,football,Jarred Vanderbilt is known for playing,1292
Jaylen Brown,basketball,football,Jaylen Brown is known for playing,1338
Alex Len,basketball,football,Alex Len is known for playing,1339
Stacey Augmon,basketball,football,Stacey Augmon is known for playing,1386
Caron Butler,basketball,football,Caron Butler is known for playing,1438
LeBron James,basketball,football,LeBron James is known for playing,1507
Scot Pollard,basketball,football,Scot Pollard is known for playing,1568
Charlie Villanueva,basketball,football,Charlie Villanueva is known for playing,1652
George Hill,basketball,football,George Hill is known for playing,1715
Jamal Mashburn,basketball,football,Jamal Mashburn is known for playing,1739
Joe Morgan,baseball,basketball,Joe Morgan is known for playing,2092
Ryan Klesko,baseball,football,Ryan Klesko is known for playing,2284
Bob Cerv,baseball,football,Bob Cerv is known for playing,2286
Matt Chapman,baseball,football,Matt Chapman is known for playing,2417
Richard Hidalgo,baseball,football,Richard Hidalgo is known for playing,2481
Dale Murphy,baseball,football,Dale Murphy is known for playing,2588
Rocket Ismail,football,baseball,Rocket Ismail is known for playing,177
Robert Woods,football,baseball,Robert Woods is known for playing,208
Kai Forbath,football,basketball,Kai Forbath is known for playing,428
Martellus Bennett,football,basketball,Martellus Bennett is known for playing,471
Nate Washington,football,basketball,Nate Washington is known for playing,571
Matt Hasselbeck,football,basketball,Matt Hasselbeck is known for playing,579
Tony Hill,football,basketball,Tony Hill is known for playing,620
Justin Jefferson,football,basketball,Justin Jefferson is known for playing,646
Dak Prescott,football,basketball,Dak Prescott is known for playing,654
Wesley Walls,football,basketball,Wesley Walls is known for playing,662
Le'Veon Bell,football,basketball,Le'Veon Bell is known for playing,828
Darrell Armstrong,basketball,baseball,Darrell Armstrong is known for playing,899
Ömer Aşık,basketball,baseball,Ömer Aşık is known for playing,1170
Kevin Duckworth,basketball,football,Kevin Duckworth is known for playing,1293
Michael Finley,basketball,football,Michael Finley is known for playing,1321
Bob McAdoo,basketball,football,Bob McAdoo is known for playing,1639
Ed Sprague,baseball,basketball,Ed Sprague is known for playing,1856
Lloyd Moseby,baseball,basketball,Lloyd Moseby is known for playing,2084
Frank Robinson,baseball,football,Frank Robinson is known for playing,2171
Ron Gant,baseball,football,Ron Gant is known for playing,2219
Jeff Blauser,baseball,football,Jeff Blauser is known for playing,2245
Mark Ellis,baseball,football,Mark Ellis is known for playing,2314
Tony Pérez,baseball,football,Tony Pérez is known for playing,2478
Tom Brunansky,baseball,football,Tom Brunansky is known for playing,2571
Sean Casey,baseball,football,Sean Casey is known for playing,2607
Shea Hillenbrand,baseball,football,Shea Hillenbrand is known for playing,2608
Harold Carmichael,football,baseball,Harold Carmichael is known for playing,21
Hunter Henry,football,baseball,Hunter Henry is known for playing,30
James White,football,baseball,James White is known for playing,41
David Garrard,football,baseball,David Garrard is known for playing,91
Mark van Eeghen,football,baseball,Mark van Eeghen is known for playing,147
Justin Tucker,football,baseball,Justin Tucker is known for playing,307
Greg Olsen,football,basketball,Greg Olsen is known for playing,463
Emmanuel Sanders,football,basketball,Emmanuel Sanders is known for playing,465
Tua Tagovailoa,football,basketball,Tua Tagovailoa is known for playing,512
Lance Moore,football,basketball,Lance Moore is known for playing,524
Cordarrelle Patterson,football,basketball,Cordarrelle Patterson is known for playing,613
Case Keenum,football,basketball,Case Keenum is known for playing,713
Mohamed Sanu,football,basketball,Mohamed Sanu is known for playing,740
Pierre Thomas,football,basketball,Pierre Thomas is known for playing,782
Chris Chandler,football,basketball,Chris Chandler is known for playing,786
Brent Celek,football,basketball,Brent Celek is known for playing,837
Jeff Ruland,basketball,baseball,Jeff Ruland is known for playing,1001
Chuck Person,basketball,baseball,Chuck Person is known for playing,1070
Clarence Weatherspoon,basketball,baseball,Clarence Weatherspoon is known for playing,1117
Orlando Woolridge,basketball,football,Orlando Woolridge is known for playing,1214
Josh Howard,basketball,football,Josh Howard is known for playing,1251
Reggie Theus,basketball,football,Reggie Theus is known for playing,1265
Mike Miller,basketball,football,Mike Miller is known for playing,1372
Roy Smalley,baseball,basketball,Roy Smalley is known for playing,1778
Ronnie Belliard,baseball,basketball,Ronnie Belliard is known for playing,1788
Tommy Pham,baseball,basketball,Tommy Pham is known for playing,1820
Tony Phillips,baseball,basketball,Tony Phillips is known for playing,1960
Jim Piersall,baseball,football,Jim Piersall is known for playing,2386
Deebo Samuel,football,baseball,Deebo Samuel is known for playing,1
Marvin Jones,football,baseball,Marvin Jones is known for playing,13
Giovani Bernard,football,baseball,Giovani Bernard is known for playing,25
Teddy Bridgewater,football,baseball,Teddy Bridgewater is known for playing,58
Brian Griese,football,baseball,Brian Griese is known for playing,66
Drew Pearson,football,baseball,Drew Pearson is known for playing,74
Charlie Garner,football,baseball,Charlie Garner is known for playing,174
Mark Duper,football,baseball,Mark Duper is known for playing,186
Matt Bryant,football,baseball,Matt Bryant is known for playing,306
Pierre Garcon,football,basketball,Pierre Garcon is known for playing,334
Marcedes Lewis,football,basketball,Marcedes Lewis is known for playing,408
Heath Miller,football,basketball,Heath Miller is known for playing,420
Jeff Wilkins,football,basketball,Jeff Wilkins is known for playing,423
Tony Romo,football,basketball,Tony Romo is known for playing,433
Keenan Allen,football,basketball,Keenan Allen is known for playing,448
Stevie Johnson,football,basketball,Stevie Johnson is known for playing,648
Todd Gurley,football,basketball,Todd Gurley is known for playing,660
Brandon Stokley,football,basketball,Brandon Stokley is known for playing,762
Carlos Arroyo,basketball,football,Carlos Arroyo is known for playing,1382
Mike Dunleavy,basketball,football,Mike Dunleavy is known for playing,1398
Phil Ford,basketball,football,Phil Ford is known for playing,1606
Tom McMillen,basketball,football,Tom McMillen is known for playing,1649
Gerald Wilkins,basketball,football,Gerald Wilkins is known for playing,1706
Dante Cunningham,basketball,football,Dante Cunningham is known for playing,1763
J.T. Snow,baseball,basketball,J.T. Snow is known for playing,1985
Rob Deer,baseball,football,Rob Deer is known for playing,2159
Norm Cash,baseball,football,Norm Cash is known for playing,2235
Steve Finley,baseball,football,Steve Finley is known for playing,2382
Sam Darnold,football,baseball,Sam Darnold is known for playing,28
Ike Hilliard,football,baseball,Ike Hilliard is known for playing,65
Carson Wentz,football,baseball,Carson Wentz is known for playing,82
Jay Schroeder,football,baseball,Jay Schroeder is known for playing,120
Gardner Minshew II,football,baseball,Gardner Minshew II is known for playing,136
David Boston,football,baseball,David Boston is known for playing,153
Rian Lindell,football,baseball,Rian Lindell is known for playing,254
Jay Novacek,football,basketball,Jay Novacek is known for playing,364
Roddy White,football,basketball,Roddy White is known for playing,378
